sample_id,x,y,p_drought,classe_prevista,dose_bioinsumo_l_ha,composicao_inoculante
S0001,386.97802427798166,232.4867280968265,0.7913585651488204,Seca,40.0,Kribbella + Occallatibacter + Genus_004
S0002,219.43921987602616,488.9584895369201,0.22519188091389328,Controle,0.0,Nenhuma (dose zero)
S0003,429.2989599556912,205.78800109702993,0.8471254584392583,Seca,40.0,Kribbella + Occallatibacter + Genus_004
S0004,348.684014529682,396.8410752799863,0.9215707881514509,Seca,40.0,Kribbella + Occallatibacter + Genus_004
S0005,47.088673943824766,42.40963615591603,0.071894276811969,Controle,0.0,Nenhuma (dose zero)
S0006,487.811175818378,277.73085506888197,0.22088117362494217,Controle,0.0,Nenhuma (dose zero)
S0007,380.56985099517647,401.02989349286213,0.06271984140709495,Controle,0.0,Nenhuma (dose zero)
S0008,393.03215263847693,462.35083360994435,0.13141147402686454,Controle,0.0,Nenhuma (dose zero)
S0009,64.05681633777294,411.2915453087158,0.21656458902841005,Controle,0.0,Nenhuma (dose zero)
S0010,225.19296894778356,18.485363600587114,0.723423651317614,Seca,37.3423651317614,Kribbella + Occallatibacter + Genus_004
S0011,185.3990121162906,186.3511706533671,0.06545236006217867,Controle,0.0,Nenhuma (dose zero)
S0012,463.3824944243009,24.349236156925635,0.8904682738801659,Seca,40.0,Kribbella + Occallatibacter + Genus_004
S0013,321.93256004033225,54.641145557279,0.8810401094586156,Seca,40.0,Kribbella + Occallatibacter + Genus_004
S0014,411.380806635415,337.65281433374207,0.9352750876388157,Seca,40.0,Kribbella + Occallatibacter + Genus_004
S0015,221.70709941366556,356.6290981558491,0.03484314291232653,Controle,0.0,Nenhuma (dose zero)
S0016,113.61936089238844,386.86034137581316,0.8148128081050114,Seca,40.0,Kribbella + Occallatibacter + Genus_004
S0017,277.2923935079174,432.72827402783145,0.8100735386457582,Seca,40.0,Kribbella + Occallatibacter + Genus_004
S0018,31.90862805208766,369.7157342382549,0.1397401445065053,Controle,0.0,Nenhuma (dose zero)
S0019,413.815585996291,400.43579605331604,0.7667229278710228,Seca,40.0,Kribbella + Occallatibacter + Genus_004
S0020,315.83219956103244,24.481854911639623,0.9038917423133781,Seca,40.0,Kribbella + Occallatibacter + Genus_004
S0021,379.04387004268693,117.26757522064929,0.22226728114214636,Controle,0.0,Nenhuma (dose zero)
S0022,177.2629840649342,310.94888668762286,0.49227116981681507,Seca,14.227116981681508,Kribbella + Occallatibacter + Genus_004
S0023,485.34901219745166,429.06265231241156,0.6529895206748927,Seca,30.29895206748927,Kribbella + Occallatibacter + Genus_004
S0024,446.56056066109886,2.2500624698295613,0.7659723426132617,Seca,40.0,Kribbella + Occallatibacter + Genus_004
S0025,389.19174853688094,257.3146710581749,0.8266369600449499,Seca,40.0,Kribbella + Occallatibacter + Genus_004
S0026,97.31935392598379,338.6436996821986,0.2061321056003656,Controle,0.0,Nenhuma (dose zero)
S0027,233.3605018635171,14.803644564306605,0.07420001774782513,Controle,0.0,Nenhuma (dose zero)
S0028,21.90188289361439,200.67777877669397,0.1220955183435115,Controle,0.0,Nenhuma (dose zero)
S0029,77.14474603377391,447.81744069184845,0.9235332023536487,Seca,40.0,Kribbella + Occallatibacter + Genus_004
S0030,341.52447662122734,335.80640442792935,0.8290581153855476,Seca,40.0,Kribbella + Occallatibacter + Genus_004
S0031,372.3810779539086,118.82918168029866,0.7456126690140183,Seca,39.56126690140184,Kribbella + Occallatibacter + Genus_004
S0032,483.754866217105,426.39056481595634,0.8099870464577654,Seca,40.0,Kribbella + Occallatibacter + Genus_004
S0033,162.91267906907598,174.01571170475717,0.7641086889101055,Seca,40.0,Kribbella + Occallatibacter + Genus_004
S0034,185.22985301743444,426.67233557202974,0.17046416349947222,Controle,0.0,Nenhuma (dose zero)
S0035,234.77790563790396,149.47182555945275,0.43919938426984745,Seca,8.919938426984746,Kribbella + Occallatibacter + Genus_004
S0036,94.73567954214285,295.1601254415745,0.07710622267456389,Controle,0.0,Nenhuma (dose zero)
S0037,64.96075266773582,198.47003387391703,0.06979358878563591,Controle,0.0,Nenhuma (dose zero)
S0038,237.85246311296686,137.4125253775335,0.19645616668952948,Controle,0.0,Nenhuma (dose zero)
S0039,113.45467452544206,443.2787810859346,0.31698050479421114,Controle,0.0,Nenhuma (dose zero)
S0040,334.9069973412552,93.79684096974566,0.5436026083385034,Seca,19.36026083385034,Kribbella + Occallatibacter + Genus_004
S0041,218.57595943616536,42.405795617881545,0.8839586156399722,Seca,40.0,Kribbella + Occallatibacter + Genus_004
S0042,416.3390980289187,170.9634692728302,0.555970913660698,Seca,20.597091366069797,Kribbella + Occallatibacter + Genus_004
S0043,350.13255100112457,358.8195738207838,0.09943289950749974,Controle,0.0,Nenhuma (dose zero)
S0044,156.18332069102053,403.71580298814087,0.8918731235145354,Seca,40.0,Kribbella + Occallatibacter + Genus_004
S0045,416.12990069760053,499.3716850333824,0.8904142606220081,Seca,40.0,Kribbella + Occallatibacter + Genus_004
S0046,402.3821787484009,148.18102850558245,0.1314490034788814,Controle,0.0,Nenhuma (dose zero)
S0047,193.73918951508722,203.97097556564108,0.8324053279721828,Seca,40.0,Kribbella + Occallatibacter + Genus_004
S0048,144.16405196512204,68.41063901481314,0.07811784352402715,Controle,0.0,Nenhuma (dose zero)
S0049,341.24775198748773,287.4359648115168,0.6235823555687822,Seca,27.35823555687822,Kribbella + Occallatibacter + Genus_004
S0050,69.87624180465491,498.7900186314586,0.06248188176501704,Controle,0.0,Nenhuma (dose zero)
S0051,99.95410123755416,350.44050506032926,0.8542870512471087,Seca,40.0,Kribbella + Occallatibacter + Genus_004
S0052,3.681134875502756,297.60642020668587,0.08069037314192659,Controle,0.0,Nenhuma (dose zero)
S0053,393.4621887510692,196.184546460897,0.8622058284846033,Seca,40.0,Kribbella + Occallatibacter + Genus_004
S0054,332.4254282960161,457.6493801427774,0.866958393364949,Seca,40.0,Kribbella + Occallatibacter + Genus_004
S0055,352.5826893131676,248.45829806517472,0.8827343484335267,Seca,40.0,Kribbella + Occallatibacter + Genus_004
S0056,390.36451551098395,67.18345665653075,0.8993359259921354,Seca,40.0,Kribbella + Occallatibacter + Genus_004
S0057,229.45788776917,182.68923159956674,0.14228534938969314,Controle,0.0,Nenhuma (dose zero)
S0058,284.37059797644685,33.58333442388345,0.7594424360821705,Seca,40.0,Kribbella + Occallatibacter + Genus_004
S0059,69.89849906382872,100.98951884439077,0.22183941150645367,Controle,0.0,Nenhuma (dose zero)
S0060,57.26503676798672,8.834390499956102,0.09113156383680193,Controle,0.0,Nenhuma (dose zero)
S0061,334.2014808952358,226.63995825008172,0.8751642000791376,Seca,40.0,Kribbella + Occallatibacter + Genus_004
S0062,235.54810307156626,317.2701324758986,0.8660690957508373,Seca,40.0,Kribbella + Occallatibacter + Genus_004
S0063,282.6180532405944,171.64623118945389,0.2780765021534127,Controle,0.0,Nenhuma (dose zero)
S0064,382.4994287080128,210.19088575263856,0.8361986812703991,Seca,40.0,Kribbella + Occallatibacter + Genus_004
S0065,317.3591600002954,479.60463642228797,0.8725227732909775,Seca,40.0,Kribbella + Occallatibacter + Genus_004
S0066,276.7897003289979,375.98156078745774,0.730963109315106,Seca,38.0963109315106,Kribbella + Occallatibacter + Genus_004
S0067,279.60358037270674,270.4283184724756,0.3114153578926645,Controle,0.0,Nenhuma (dose zero)
S0068,151.9750490313061,142.27043755591262,0.8666612006388215,Seca,40.0,Kribbella + Occallatibacter + Genus_004
S0069,15.408917283969704,448.4983993864976,0.18114711483502127,Controle,0.0,Nenhuma (dose zero)
S0070,218.35869461618117,117.54855844032974,0.2551105887424353,Controle,0.0,Nenhuma (dose zero)
S0071,107.2923364097646,162.67136525833854,0.8828734405235708,Seca,40.0,Kribbella + Occallatibacter + Genus_004
S0072,204.26432186231807,454.53240721147426,0.21453750142541972,Controle,0.0,Nenhuma (dose zero)
S0073,426.7015366340831,264.7710276425362,0.44359348032749046,Seca,9.359348032749049,Kribbella + Occallatibacter + Genus_004
S0074,116.96974293267037,371.15897470898835,0.7775543882400205,Seca,40.0,Kribbella + Occallatibacter + Genus_004
S0075,29.15137084453301,295.37239708188304,0.09070993944070001,Controle,0.0,Nenhuma (dose zero)
S0076,140.69194601099827,326.71960450474756,0.0693731699469923,Controle,0.0,Nenhuma (dose zero)
S0077,146.7968788833418,149.69164575741277,0.23310500947827364,Controle,0.0,Nenhuma (dose zero)
S0078,330.9582573634475,120.68603081333146,0.9065479979339065,Seca,40.0,Kribbella + Occallatibacter + Genus_004
S0079,278.51607617063917,161.24617358433264,0.9184153893335005,Seca,40.0,Kribbella + Occallatibacter + Genus_004
S0080,391.9491045532067,77.72078204171123,0.9339488786627521,Seca,40.0,Kribbella + Occallatibacter + Genus_004
S0081,332.15677016369375,437.15718264540374,0.9347127110696772,Seca,40.0,Kribbella + Occallatibacter + Genus_004
S0082,203.19343072003525,141.62346662505703,0.27685764734084095,Controle,0.0,Nenhuma (dose zero)
S0083,407.0101923330173,280.7446972071923,0.7737800612385574,Seca,40.0,Kribbella + Occallatibacter + Genus_004
S0084,83.48645995385195,395.987212570687,0.24436077256579353,Controle,0.0,Nenhuma (dose zero)
S0085,11.35603656693024,391.91205468785677,0.25386977421307083,Controle,0.0,Nenhuma (dose zero)
S0086,45.023930387820876,219.19312929209644,0.11015236250872656,Controle,0.0,Nenhuma (dose zero)
S0087,361.17967529822516,238.12865429336284,0.08450995359526646,Controle,0.0,Nenhuma (dose zero)
S0088,230.9386151256937,497.3508744675124,0.055276750558510425,Controle,0.0,Nenhuma (dose zero)
S0089,80.6358895168009,337.298738489512,0.0890500968147782,Controle,0.0,Nenhuma (dose zero)
S0090,250.52238755168176,407.31922155894136,0.21835786642243618,Controle,0.0,Nenhuma (dose zero)
S0091,76.15605135658421,451.27698460961597,0.2139995274875838,Controle,0.0,Nenhuma (dose zero)
S0092,348.160187538868,393.7949181146696,0.24702004603518926,Controle,0.0,Nenhuma (dose zero)
S0093,223.07813778701535,92.58967247678379,0.6032501608530229,Seca,25.325016085302288,Kribbella + Occallatibacter + Genus_004
S0094,190.51061304824123,281.0853668687861,0.7630484895731259,Seca,40.0,Kribbella + Occallatibacter + Genus_004
S0095,150.75604457393825,50.947078657272435,0.33056347317269774,Controle,0.0,Nenhuma (dose zero)
S0096,315.14129655944424,326.4610632819992,0.26324577083439066,Controle,0.0,Nenhuma (dose zero)
S0097,180.9063052766952,477.6747140939055,0.10064848016005051,Controle,0.0,Nenhuma (dose zero)
S0098,43.8249596580505,256.3660321500557,0.8727702873905017,Seca,40.0,Kribbella + Occallatibacter + Genus_004
S0099,59.00295106025766,216.4862464338836,0.2515078899220759,Controle,0.0,Nenhuma (dose zero)
S0100,480.94883227475725,17.921375709081588,0.9509106234116418,Seca,40.0,Kribbella + Occallatibacter + Genus_004
S0101,454.2903453538035,479.88726116461015,0.8004786464995575,Seca,40.0,Kribbella + Occallatibacter + Genus_004
S0102,349.8535669053748,51.50134206507939,0.935833877205294,Seca,40.0,Kribbella + Occallatibacter + Genus_004
S0103,132.9349807297598,20.539546652423468,0.23093416741837977,Controle,0.0,Nenhuma (dose zero)
S0104,484.58818867386196,123.03330575246923,0.8196548920612802,Seca,40.0,Kribbella + Occallatibacter + Genus_004
S0105,389.3754519828973,32.765216959191214,0.8506889687067734,Seca,40.0,Kribbella + Occallatibacter + Genus_004
S0106,358.4450945794978,227.55892120588118,0.959917515689922,Seca,40.0,Kribbella + Occallatibacter + Genus_004
S0107,224.68075107189435,258.0439006285562,0.18653077097425236,Controle,0.0,Nenhuma (dose zero)
S0108,136.1207809225795,156.28497451429197,0.15416219538857073,Controle,0.0,Nenhuma (dose zero)
S0109,48.195481076749644,25.48024128744303,0.09251672066185983,Controle,0.0,Nenhuma (dose zero)
S0110,451.30119827192084,55.80018412461335,0.632333164878367,Seca,28.2333164878367,Kribbella + Occallatibacter + Genus_004
S0111,227.88814491680554,192.25218899496406,0.08952115456752219,Controle,0.0,Nenhuma (dose zero)
S0112,101.18168239761516,30.264225413268065,0.08808226509216986,Controle,0.0,Nenhuma (dose zero)
S0113,152.97831207532624,349.09486280495673,0.26423498041703125,Controle,0.0,Nenhuma (dose zero)
S0114,289.609784470948,103.51027076240598,0.12219912872984333,Controle,0.0,Nenhuma (dose zero)
S0115,88.38639146961586,151.03578439181925,0.07185526488715942,Controle,0.0,Nenhuma (dose zero)
S0116,428.3071420461878,197.06288858904875,0.7958778039073198,Seca,40.0,Kribbella + Occallatibacter + Genus_004
S0117,379.259764917605,208.30481653457394,0.650776192823114,Seca,30.077619282311407,Kribbella + Occallatibacter + Genus_004
S0118,359.7314779754684,0.8303538374002661,0.13761191203160503,Controle,0.0,Nenhuma (dose zero)
S0119,216.04651988755185,56.03518549934877,0.11033619083837275,Controle,0.0,Nenhuma (dose zero)
S0120,313.6544203512216,431.38228187043904,0.8996178267108946,Seca,40.0,Kribbella + Occallatibacter + Genus_004
S0121,292.0489844563678,0.616531255954067,0.06719249807503712,Controle,0.0,Nenhuma (dose zero)
S0122,324.92330077741,254.08367790643754,0.15876377975583472,Controle,0.0,Nenhuma (dose zero)
S0123,42.22216056994454,244.75100325360404,0.2892723476958541,Controle,0.0,Nenhuma (dose zero)
S0124,207.90370108530482,166.54708050531892,0.13709075627269424,Controle,0.0,Nenhuma (dose zero)
S0125,20.80708693094624,215.6635100732248,0.08117526855480396,Controle,0.0,Nenhuma (dose zero)
S0126,246.99540962225947,390.29056876329213,0.8901827743492564,Seca,40.0,Kribbella + Occallatibacter + Genus_004
S0127,164.93060616639266,420.60185310747823,0.9116172318661236,Seca,40.0,Kribbella + Occallatibacter + Genus_004
S0128,72.26209443302345,130.17427170762502,0.06345583628403086,Controle,0.0,Nenhuma (dose zero)
S0129,51.70148386127582,161.24522048386493,0.9164622015217748,Seca,40.0,Kribbella + Occallatibacter + Genus_004
S0130,293.822286088856,121.24142651416636,0.13304052141426267,Controle,0.0,Nenhuma (dose zero)
S0131,85.29648426844305,239.93170027553256,0.09255417522804014,Controle,0.0,Nenhuma (dose zero)
S0132,462.5600591883986,341.62917882940644,0.7584020800812797,Seca,40.0,Kribbella + Occallatibacter + Genus_004
S0133,290.5305698501975,114.12643773171027,0.9310911334003606,Seca,40.0,Kribbella + Occallatibacter + Genus_004
S0134,173.43490226741852,165.36787102743332,0.16759303445366208,Controle,0.0,Nenhuma (dose zero)
S0135,295.4577457407084,465.19230879457524,0.21744277635185622,Controle,0.0,Nenhuma (dose zero)
S0136,11.401935514848748,24.284644923479036,0.7884547163344695,Seca,40.0,Kribbella + Occallatibacter + Genus_004
S0137,479.2796066207227,230.3848026197831,0.8744883262455534,Seca,40.0,Kribbella + Occallatibacter + Genus_004
S0138,241.15171847145012,355.7790207983889,0.1428886948585622,Controle,0.0,Nenhuma (dose zero)
S0139,391.3676136251431,75.22700577873704,0.8926529416516265,Seca,40.0,Kribbella + Occallatibacter + Genus_004
S0140,41.36499996121928,23.687010002740926,0.10458802694420472,Controle,0.0,Nenhuma (dose zero)
S0141,243.32916541908017,69.10268581926537,0.07620816130675402,Controle,0.0,Nenhuma (dose zero)
S0142,245.35349717726046,459.4115967653414,0.6443980265884677,Seca,29.439802658846766,Kribbella + Occallatibacter + Genus_004
S0143,468.91322748749144,4.629890910561707,0.16106536400488877,Controle,0.0,Nenhuma (dose zero)
S0144,285.8640261880377,94.16098740567591,0.7351494383861558,Seca,38.51494383861558,Kribbella + Occallatibacter + Genus_004
S0145,236.7447005284769,15.641756450822275,0.7123494556790595,Seca,36.23494556790595,Kribbella + Occallatibacter + Genus_004
S0146,133.4878315459468,55.31473378110163,0.09793649655018663,Controle,0.0,Nenhuma (dose zero)
S0147,165.78449867127608,310.07464331414815,0.28845342426952547,Controle,0.0,Nenhuma (dose zero)
S0148,260.3362012357689,120.81945436954288,0.14974395510887345,Controle,0.0,Nenhuma (dose zero)
S0149,219.45573015252333,284.6060252153384,0.09270306918894981,Controle,0.0,Nenhuma (dose zero)
S0150,10.806039940165213,295.0976913830631,0.6093213877181501,Seca,25.932138771815016,Kribbella + Occallatibacter + Genus_004
S0151,413.1459620971789,424.71766654488954,0.9180856713183249,Seca,40.0,Kribbella + Occallatibacter + Genus_004
S0152,448.0803859198834,2.3706964559369603,0.7712986948284432,Seca,40.0,Kribbella + Occallatibacter + Genus_004
S0153,70.12454449930539,426.6847296711834,0.12072493477601888,Controle,0.0,Nenhuma (dose zero)
S0154,277.0180717695247,309.559543213487,0.8120139411703949,Seca,40.0,Kribbella + Occallatibacter + Genus_004
S0155,54.287870567721775,81.37174305247879,0.0615521638234341,Controle,0.0,Nenhuma (dose zero)
S0156,336.1200465199058,386.468694067642,0.7958797425216853,Seca,40.0,Kribbella + Occallatibacter + Genus_004
S0157,140.61689191950416,427.7457708952929,0.1516247486020249,Controle,0.0,Nenhuma (dose zero)
S0158,329.7113173459509,127.13174187707865,0.855006129509389,Seca,40.0,Kribbella + Occallatibacter + Genus_004
S0159,363.49730714344133,459.39684045134044,0.8421050929097521,Seca,40.0,Kribbella + Occallatibacter + Genus_004
S0160,384.3237459588285,227.2287151493289,0.7468747655524476,Seca,39.68747655524476,Kribbella + Occallatibacter + Genus_004
S0161,53.87047297794828,301.71222716666074,0.13597038556873303,Controle,0.0,Nenhuma (dose zero)
S0162,458.00592256880395,492.32476680882183,0.7142445074614918,Seca,36.42445074614918,Kribbella + Occallatibacter + Genus_004
S0163,115.10699544744041,180.76803931959967,0.07435657583695665,Controle,0.0,Nenhuma (dose zero)
S0164,18.70627808808989,406.57967291005644,0.4419254079023192,Seca,9.192540790231924,Kribbella + Occallatibacter + Genus_004
S0165,277.4262346957417,159.1995589142298,0.1238726561576388,Controle,0.0,Nenhuma (dose zero)
S0166,185.46114193121937,399.6067611207455,0.7117329857059925,Seca,36.17329857059926,Kribbella + Occallatibacter + Genus_004
S0167,414.8948715662066,300.3669594313212,0.8739051915260871,Seca,40.0,Kribbella + Occallatibacter + Genus_004
S0168,404.1257360321509,108.17784761270072,0.8701411560770876,Seca,40.0,Kribbella + Occallatibacter + Genus_004
S0169,158.56944641135766,207.01304689461818,0.5965442920724745,Seca,24.654429207247453,Kribbella + Occallatibacter + Genus_004
S0170,476.4496975348725,158.81781718178084,0.885379748435972,Seca,40.0,Kribbella + Occallatibacter + Genus_004
S0171,145.45891907005932,39.05419654018194,0.7936052318004783,Seca,40.0,Kribbella + Occallatibacter + Genus_004
S0172,257.52856461585725,14.917385049848741,0.27962276231342104,Controle,0.0,Nenhuma (dose zero)
S0173,127.98254528380137,173.23932770359048,0.30306822608967304,Controle,0.0,Nenhuma (dose zero)
S0174,468.0217850244817,9.51707390874329,0.8145230513306629,Seca,40.0,Kribbella + Occallatibacter + Genus_004
S0175,82.30390879100908,82.74387879088752,0.42982966726467525,Seca,7.982966726467527,Kribbella + Occallatibacter + Genus_004
S0176,22.455309696164495,362.5916604254344,0.08333180988605897,Controle,0.0,Nenhuma (dose zero)
S0177,217.54853000151897,354.04561784179396,0.9204816998320712,Seca,40.0,Kribbella + Occallatibacter + Genus_004
S0178,496.1877820279185,369.29019322869135,0.9059645457258604,Seca,40.0,Kribbella + Occallatibacter + Genus_004
S0179,445.838633127457,158.5765855649894,0.5155699524383937,Seca,16.556995243839367,Kribbella + Occallatibacter + Genus_004
S0180,374.3040097284746,445.0097285588477,0.9004698320868055,Seca,40.0,Kribbella + Occallatibacter + Genus_004
S0181,445.39624543926243,296.91527401422377,0.7908482019983682,Seca,40.0,Kribbella + Occallatibacter + Genus_004
S0182,446.7233198489316,63.013170873313264,0.8178579311171406,Seca,40.0,Kribbella + Occallatibacter + Genus_004
S0183,259.4291801932245,71.85933072776707,0.19862308022627545,Controle,0.0,Nenhuma (dose zero)
S0184,157.9645259153965,346.54771346485074,0.9368937381285256,Seca,40.0,Kribbella + Occallatibacter + Genus_004
S0185,386.006216055494,86.47196822103903,0.09576980434074332,Controle,0.0,Nenhuma (dose zero)
S0186,330.8306315838805,253.64635079102166,0.8916763101053604,Seca,40.0,Kribbella + Occallatibacter + Genus_004
S0187,186.82886443685504,495.88723796435534,0.7283249653815582,Seca,37.83249653815582,Kribbella + Occallatibacter + Genus_004
S0188,47.23333403075763,2.003802366669749,0.35688359154120264,Seca,0.688359154120266,Kribbella + Occallatibacter + Genus_004
S0189,373.394805674513,8.289900948778461,0.8448853429827343,Seca,40.0,Kribbella + Occallatibacter + Genus_004
S0190,131.23025796143233,496.54229096525324,0.0636923439079828,Controle,0.0,Nenhuma (dose zero)
S0191,468.4065752668896,292.3194170670828,0.8754868759077471,Seca,40.0,Kribbella + Occallatibacter + Genus_004
S0192,120.48528750284237,63.45498775925657,0.27403277053641206,Controle,0.0,Nenhuma (dose zero)
S0193,61.37896620574301,448.6510998770468,0.37862225703940683,Seca,2.862225703940685,Kribbella + Occallatibacter + Genus_004
S0194,415.55633606245306,440.1901500638461,0.7693153879350746,Seca,40.0,Kribbella + Occallatibacter + Genus_004
S0195,76.64215831224702,268.10020655568763,0.11531717584138691,Controle,0.0,Nenhuma (dose zero)
S0196,89.63415407886954,310.89601493037827,0.7428925715997172,Seca,39.289257159971726,Kribbella + Occallatibacter + Genus_004
S0197,299.69139576042176,136.59359575043817,0.9122171031680931,Seca,40.0,Kribbella + Occallatibacter + Genus_004
S0198,437.2810204187322,25.259848186002575,0.8276702517645204,Seca,40.0,Kribbella + Occallatibacter + Genus_004
S0199,98.21733285728662,297.28380444543217,0.16020590482394648,Controle,0.0,Nenhuma (dose zero)
S0200,155.1618364500474,147.3775966013815,0.1936539191285152,Controle,0.0,Nenhuma (dose zero)
S0201,388.7024191205888,331.81052333017595,0.8791700321764858,Seca,40.0,Kribbella + Occallatibacter + Genus_004
S0202,485.9132130304837,418.12258842130063,0.8060207228021318,Seca,40.0,Kribbella + Occallatibacter + Genus_004
S0203,250.37059310117115,9.08027195718203,0.1071897690842127,Controle,0.0,Nenhuma (dose zero)
S0204,71.94875127562538,297.8568873428637,0.7707600677436552,Seca,40.0,Kribbella + Occallatibacter + Genus_004
S0205,6.968143854100772,115.64026984342613,0.8907705973035991,Seca,40.0,Kribbella + Occallatibacter + Genus_004
S0206,114.82801499942764,436.9442489519007,0.10181693470241701,Controle,0.0,Nenhuma (dose zero)
S0207,65.91110889326052,126.83225328091424,0.876853595628996,Seca,40.0,Kribbella + Occallatibacter + Genus_004
S0208,338.8293368064287,305.38506661770913,0.6242355119721674,Seca,27.423551197216742,Kribbella + Occallatibacter + Genus_004
S0209,60.91625231426556,276.77042004480575,0.9144266535433077,Seca,40.0,Kribbella + Occallatibacter + Genus_004
S0210,253.1649658103165,198.08325002962445,0.09304337012306661,Controle,0.0,Nenhuma (dose zero)
S0211,347.1312178214432,338.810381799897,0.9073296869097116,Seca,40.0,Kribbella + Occallatibacter + Genus_004
S0212,290.55830461045116,362.88481735771694,0.9303759355930589,Seca,40.0,Kribbella + Occallatibacter + Genus_004
S0213,99.8878258300288,283.4688976596934,0.13392605550213488,Controle,0.0,Nenhuma (dose zero)
S0214,402.06226309113134,379.21111859237703,0.8194146044756887,Seca,40.0,Kribbella + Occallatibacter + Genus_004
S0215,357.7035648079008,491.7085379964688,0.9143976661491248,Seca,40.0,Kribbella + Occallatibacter + Genus_004
S0216,369.49200195777087,209.63619395040257,0.40389567528955345,Seca,5.389567528955347,Kribbella + Occallatibacter + Genus_004
S0217,65.52887577865663,257.2915259427654,0.09233432538211472,Controle,0.0,Nenhuma (dose zero)
S0218,61.876901825172304,6.234938970606619,0.1360284174731009,Controle,0.0,Nenhuma (dose zero)
S0219,463.7812755032538,398.0142781551892,0.843318742170252,Seca,40.0,Kribbella + Occallatibacter + Genus_004
S0220,198.7890969124703,260.1150335229969,0.9180964570934015,Seca,40.0,Kribbella + Occallatibacter + Genus_004
S0221,150.47434589046986,203.9807151802826,0.16273682230428524,Controle,0.0,Nenhuma (dose zero)
S0222,244.29202267576667,47.035981544697904,0.07667449395417619,Controle,0.0,Nenhuma (dose zero)
S0223,331.4321063817912,444.82821083769863,0.14056353177834224,Controle,0.0,Nenhuma (dose zero)
S0224,477.81162852348496,197.50362002027822,0.2074524637209927,Controle,0.0,Nenhuma (dose zero)
S0225,143.2231134410275,341.2907991046102,0.17440753265162734,Controle,0.0,Nenhuma (dose zero)
S0226,462.40421465601355,74.68707818407539,0.8034883071680298,Seca,40.0,Kribbella + Occallatibacter + Genus_004
S0227,12.429745693128158,480.77481477051623,0.37755907476956074,Seca,2.7559074769560765,Kribbella + Occallatibacter + Genus_004
S0228,277.5990211634123,89.22088091091545,0.051308045319472216,Controle,0.0,Nenhuma (dose zero)
S0229,316.98755584054254,99.77099644974518,0.11544213775360525,Controle,0.0,Nenhuma (dose zero)
S0230,52.94870187537665,429.4914302788569,0.6964098420462339,Seca,34.64098420462339,Kribbella + Occallatibacter + Genus_004
S0231,70.16979853195632,456.2913720709656,0.39293190652000043,Seca,4.293190652000045,Kribbella + Occallatibacter + Genus_004
S0232,209.5571596581519,106.0737037616507,0.6929177088540582,Seca,34.291770885405825,Kribbella + Occallatibacter + Genus_004
S0233,483.11595607159086,234.90044408741394,0.1484423750843176,Controle,0.0,Nenhuma (dose zero)
S0234,298.0212766171864,366.7474522814149,0.8764233417895337,Seca,40.0,Kribbella + Occallatibacter + Genus_004
S0235,466.5116108001056,439.18286690540083,0.8976160192888354,Seca,40.0,Kribbella + Occallatibacter + Genus_004
S0236,402.1804578064854,189.5263475186526,0.625126278084965,Seca,27.512627808496504,Kribbella + Occallatibacter + Genus_004
S0237,233.69080077764576,258.5097434247146,0.5498818352588408,Seca,19.988183525884086,Kribbella + Occallatibacter + Genus_004
S0238,392.3817246260937,370.8582052598675,0.9192249113270813,Seca,40.0,Kribbella + Occallatibacter + Genus_004
S0239,8.918391988493868,365.5679883263977,0.11018943991005196,Controle,0.0,Nenhuma (dose zero)
S0240,54.57199838286747,391.48006501304246,0.15168635883526901,Controle,0.0,Nenhuma (dose zero)
S0241,414.7143074413682,284.9669093207632,0.8652575917717407,Seca,40.0,Kribbella + Occallatibacter + Genus_004
S0242,398.4085441625809,52.3075484023876,0.43836148132983205,Seca,8.836148132983206,Kribbella + Occallatibacter + Genus_004
S0243,116.32037098321685,451.98664543902,0.17700686827390638,Controle,0.0,Nenhuma (dose zero)
S0244,265.38479529952673,432.7862696605141,0.1427163715430884,Controle,0.0,Nenhuma (dose zero)
S0245,303.0079103500055,399.0487179091665,0.6031786135673658,Seca,25.31786135673658,Kribbella + Occallatibacter + Genus_004
S0246,433.8694768880056,49.93123858036475,0.8242306357654776,Seca,40.0,Kribbella + Occallatibacter + Genus_004
S0247,301.5535786693628,102.1986835407146,0.7288284188604195,Seca,37.88284188604195,Kribbella + Occallatibacter + Genus_004
S0248,206.28578463684016,371.80018255382595,0.8230588160921078,Seca,40.0,Kribbella + Occallatibacter + Genus_004
S0249,187.09202170359134,11.570047290973218,0.8678645839710457,Seca,40.0,Kribbella + Occallatibacter + Genus_004
S0250,212.94104318675494,489.6123168536398,0.8466673433306836,Seca,40.0,Kribbella + Occallatibacter + Genus_004
S0251,325.9655127899871,188.57234017784035,0.924502720696602,Seca,40.0,Kribbella + Occallatibacter + Genus_004
S0252,433.74531587616246,359.6562668454118,0.9075064656188739,Seca,40.0,Kribbella + Occallatibacter + Genus_004
S0253,226.94844103814987,443.78554424402165,0.14872889054948224,Controle,0.0,Nenhuma (dose zero)
S0254,123.91978147567906,197.31494407504113,0.1587441765051736,Controle,0.0,Nenhuma (dose zero)
S0255,118.33118149879057,159.56624429983302,0.6776615818737831,Seca,32.766158187378316,Kribbella + Occallatibacter + Genus_004
S0256,373.0071401217232,304.3705644491234,0.7931127369266237,Seca,40.0,Kribbella + Occallatibacter + Genus_004
S0257,408.2843817119552,290.4946868740254,0.14847531116383528,Controle,0.0,Nenhuma (dose zero)
S0258,52.639039927062484,204.56998881239858,0.1827560388987591,Controle,0.0,Nenhuma (dose zero)
S0259,33.27942847758908,300.8873779338542,0.24267378481331947,Controle,0.0,Nenhuma (dose zero)
S0260,297.2168318782259,467.6906847832474,0.09844358471124666,Controle,0.0,Nenhuma (dose zero)
S0261,73.08662209634915,233.82012831329823,0.26857746538718447,Controle,0.0,Nenhuma (dose zero)
S0262,412.33209522817066,98.37109037531566,0.9535091015034928,Seca,40.0,Kribbella + Occallatibacter + Genus_004
S0263,155.1673369620372,188.60299144150196,0.05202431467674371,Controle,0.0,Nenhuma (dose zero)
S0264,71.93596648557133,197.05349129655932,0.08794045585907911,Controle,0.0,Nenhuma (dose zero)
S0265,460.4852362437251,65.55434651310993,0.6477574059256616,Seca,29.77574059256616,Kribbella + Occallatibacter + Genus_004
S0266,82.76586136763908,81.43575027727745,0.10383030839326796,Controle,0.0,Nenhuma (dose zero)
S0267,142.36004116896777,342.2810366968386,0.9134098921974503,Seca,40.0,Kribbella + Occallatibacter + Genus_004
S0268,76.80669759602932,169.73887710445135,0.13532556599358678,Controle,0.0,Nenhuma (dose zero)
S0269,57.74503183267748,477.4491959279038,0.4450047172147964,Seca,9.500471721479641,Kribbella + Occallatibacter + Genus_004
S0270,10.574008168220017,121.79837267930371,0.8421357062474469,Seca,40.0,Kribbella + Occallatibacter + Genus_004
S0271,27.697704582130058,49.46225255241116,0.17855985385843723,Controle,0.0,Nenhuma (dose zero)
S0272,87.32073546792634,376.75228150012896,0.8841752753092718,Seca,40.0,Kribbella + Occallatibacter + Genus_004
S0273,26.690966313587694,440.518025958935,0.16537743617893455,Controle,0.0,Nenhuma (dose zero)
S0274,295.5719080554856,139.05667843574392,0.8561931263383555,Seca,40.0,Kribbella + Occallatibacter + Genus_004
S0275,340.3572633997532,101.04405082273898,0.7517747940435363,Seca,40.0,Kribbella + Occallatibacter + Genus_004
S0276,196.81522841601412,92.88306743554358,0.15220481454815138,Controle,0.0,Nenhuma (dose zero)
S0277,158.9955484760247,261.0061506832562,0.8142326357074225,Seca,40.0,Kribbella + Occallatibacter + Genus_004
S0278,252.26311851111504,234.20832062338548,0.10470216089294093,Controle,0.0,Nenhuma (dose zero)
S0279,437.50247111730425,129.7199199272671,0.4263791601643401,Seca,7.63791601643401,Kribbella + Occallatibacter + Genus_004
S0280,425.565813411103,22.586558494713195,0.7142377567480355,Seca,36.42377567480355,Kribbella + Occallatibacter + Genus_004
S0281,21.737531006395972,240.74567016314035,0.40214164235966865,Seca,5.214164235966868,Kribbella + Occallatibacter + Genus_004
S0282,90.74920479826204,479.6661738178042,0.07077482064990068,Controle,0.0,Nenhuma (dose zero)
S0283,118.37243555219801,326.2596003763316,0.17151048284525558,Controle,0.0,Nenhuma (dose zero)
S0284,124.69378791610592,247.7532783143092,0.061423967226149886,Controle,0.0,Nenhuma (dose zero)
S0285,285.6163258713864,55.34603701480806,0.13230238301335023,Controle,0.0,Nenhuma (dose zero)
S0286,208.13121285159613,126.21814527479364,0.10050610761940301,Controle,0.0,Nenhuma (dose zero)
S0287,24.627059963796995,147.38697478727136,0.3412588001391649,Controle,0.0,Nenhuma (dose zero)
S0288,186.80706922978578,382.40177630361717,0.10083151726526791,Controle,0.0,Nenhuma (dose zero)
S0289,261.8764743588186,438.35539863230963,0.7688941901621962,Seca,40.0,Kribbella + Occallatibacter + Genus_004
S0290,50.83595145185799,450.82092678321925,0.1026880819101738,Controle,0.0,Nenhuma (dose zero)
S0291,416.72927689427985,492.28430412537705,0.7560383007977687,Seca,40.0,Kribbella + Occallatibacter + Genus_004
S0292,25.98093323255213,491.18334155226626,0.2830862559807101,Controle,0.0,Nenhuma (dose zero)
S0293,462.42093450903104,476.4995663839907,0.8496444409979524,Seca,40.0,Kribbella + Occallatibacter + Genus_004
S0294,49.55657078993775,35.91107025144219,0.1378225128156097,Controle,0.0,Nenhuma (dose zero)
S0295,421.78747579887636,68.89676796390259,0.778095058137134,Seca,40.0,Kribbella + Occallatibacter + Genus_004
S0296,451.32657196380853,152.23326323801643,0.9201188312592162,Seca,40.0,Kribbella + Occallatibacter + Genus_004
S0297,489.7853402932964,276.44912703223076,0.21119014666838734,Controle,0.0,Nenhuma (dose zero)
S0298,401.0129401367968,48.48894435273965,0.8022679128312705,Seca,40.0,Kribbella + Occallatibacter + Genus_004
S0299,389.73877038566445,422.89847890107126,0.8503391576984036,Seca,40.0,Kribbella + Occallatibacter + Genus_004
S0300,321.2416379977738,308.37808953865454,0.7499440213389991,Seca,39.99440213389991,Kribbella + Occallatibacter + Genus_004
S0301,389.4981772890645,271.1822011511025,0.9364832825201596,Seca,40.0,Kribbella + Occallatibacter + Genus_004
S0302,67.27610420657354,82.65566168364558,0.21612745108965664,Controle,0.0,Nenhuma (dose zero)
S0303,268.03401797381866,126.62773720009868,0.6715155172512262,Seca,32.151551725122616,Kribbella + Occallatibacter + Genus_004
S0304,257.11143509520724,80.15601249112902,0.32649867519849285,Controle,0.0,Nenhuma (dose zero)
S0305,428.7860720612788,425.9665788973993,0.33017765951304007,Controle,0.0,Nenhuma (dose zero)
S0306,231.39968279675793,292.1139300306091,0.8979875511426596,Seca,40.0,Kribbella + Occallatibacter + Genus_004
S0307,192.54474805017674,367.5647137598167,0.3413426103201125,Controle,0.0,Nenhuma (dose zero)
S0308,319.7816356185551,148.01643145501288,0.9326758976608605,Seca,40.0,Kribbella + Occallatibacter + Genus_004
S0309,133.23165875042304,185.62631854413857,0.07168547008865139,Controle,0.0,Nenhuma (dose zero)
S0310,69.88420547697844,202.4274822132669,0.133409894140858,Controle,0.0,Nenhuma (dose zero)
S0311,238.9386370118729,380.0074858720174,0.38047156874792876,Seca,3.047156874792878,Kribbella + Occallatibacter + Genus_004
S0312,208.4446842974425,386.17649383728406,0.07415049287689912,Controle,0.0,Nenhuma (dose zero)
S0313,116.28497026443685,103.40676375701585,0.30514863047451507,Controle,0.0,Nenhuma (dose zero)
S0314,183.755905057564,470.7694283690495,0.08525804149743728,Controle,0.0,Nenhuma (dose zero)
S0315,183.1962249131237,60.327668721843196,0.11248629038346451,Controle,0.0,Nenhuma (dose zero)
S0316,163.74778220627272,448.06104121181517,0.8007281830129414,Seca,40.0,Kribbella + Occallatibacter + Genus_004
S0317,189.73203986346448,50.19782282490465,0.7606683664177523,Seca,40.0,Kribbella + Occallatibacter + Genus_004
S0318,342.8716727279727,132.26990557565554,0.8337585044657492,Seca,40.0,Kribbella + Occallatibacter + Genus_004
S0319,148.43823728564266,423.2392680339785,0.26891282974321756,Controle,0.0,Nenhuma (dose zero)
S0320,474.4289633576702,89.74603617304372,0.7274831126956043,Seca,37.74831126956043,Kribbella + Occallatibacter + Genus_004
S0321,458.17400976908897,206.7839656549849,0.8447676960245216,Seca,40.0,Kribbella + Occallatibacter + Genus_004
S0322,240.4552141500393,224.92964997206312,0.872854298799185,Seca,40.0,Kribbella + Occallatibacter + Genus_004
S0323,164.18060250234439,122.62948651160482,0.953167409777611,Seca,40.0,Kribbella + Occallatibacter + Genus_004
S0324,267.7173949150016,355.1226006679933,0.20383860963263117,Controle,0.0,Nenhuma (dose zero)
S0325,424.2802443868123,425.6673247011019,0.5402207383134765,Seca,19.02207383134765,Kribbella + Occallatibacter + Genus_004
S0326,326.293670280051,437.2875699277859,0.07203882500054867,Controle,0.0,Nenhuma (dose zero)
S0327,402.1959139735387,169.66107286828048,0.9397777731457319,Seca,40.0,Kribbella + Occallatibacter + Genus_004
S0328,266.3611380328701,265.4251971439072,0.1826584681773572,Controle,0.0,Nenhuma (dose zero)
S0329,316.4588146338104,124.20320193282575,0.10564232480893539,Controle,0.0,Nenhuma (dose zero)
S0330,144.07780709123085,122.39825077507271,0.6228281511805553,Seca,27.282815118055534,Kribbella + Occallatibacter + Genus_004
S0331,367.4465811551454,80.62703142596206,0.8142863859375088,Seca,40.0,Kribbella + Occallatibacter + Genus_004
S0332,101.20229656285917,470.0095054037574,0.9159740177566398,Seca,40.0,Kribbella + Occallatibacter + Genus_004
S0333,347.3990644092491,443.99441430278995,0.8461776603051194,Seca,40.0,Kribbella + Occallatibacter + Genus_004
S0334,430.35953416294706,388.67935666384614,0.8524906097168169,Seca,40.0,Kribbella + Occallatibacter + Genus_004
S0335,66.05141865077196,258.8307606438645,0.7503917741811482,Seca,40.0,Kribbella + Occallatibacter + Genus_004
S0336,307.1898702709599,245.30395775593595,0.7890195104639437,Seca,40.0,Kribbella + Occallatibacter + Genus_004
S0337,47.5478741149673,264.872833091249,0.0990206871884334,Controle,0.0,Nenhuma (dose zero)
S0338,362.85781413571345,268.2840067885446,0.07531031105470463,Controle,0.0,Nenhuma (dose zero)
S0339,42.24660941176012,217.28154234884516,0.1888667522036116,Controle,0.0,Nenhuma (dose zero)
S0340,467.969911350313,65.87741644603373,0.8564299477114595,Seca,40.0,Kribbella + Occallatibacter + Genus_004
S0341,68.70396501890109,62.83192643426799,0.18979120397345983,Controle,0.0,Nenhuma (dose zero)
S0342,479.4401229545402,476.12485792284167,0.7737185723648872,Seca,40.0,Kribbella + Occallatibacter + Genus_004
S0343,400.44208804254833,241.01537979317527,0.8633808624953823,Seca,40.0,Kribbella + Occallatibacter + Genus_004
S0344,296.84100223317705,476.60276245259445,0.8704447831550004,Seca,40.0,Kribbella + Occallatibacter + Genus_004
S0345,391.31205231477344,81.78843885505499,0.7758844841664586,Seca,40.0,Kribbella + Occallatibacter + Genus_004
S0346,397.55741949154293,277.2082760199668,0.8832916893416,Seca,40.0,Kribbella + Occallatibacter + Genus_004
S0347,473.01353140866513,103.85862667576961,0.8024689802551047,Seca,40.0,Kribbella + Occallatibacter + Genus_004
S0348,126.6916769195936,126.59230306330078,0.9135336735269675,Seca,40.0,Kribbella + Occallatibacter + Genus_004
S0349,295.03794767915457,15.027289380589393,0.8342678782794674,Seca,40.0,Kribbella + Occallatibacter + Genus_004
S0350,47.52459878220061,59.47665537010566,0.10896207044209028,Controle,0.0,Nenhuma (dose zero)
S0351,308.08285001206065,458.4242038145979,0.8666158352768564,Seca,40.0,Kribbella + Occallatibacter + Genus_004
S0352,85.6456520463944,160.76649574116587,0.13617646248403836,Controle,0.0,Nenhuma (dose zero)
S0353,282.47530573622095,304.0646059572958,0.11734591085533479,Controle,0.0,Nenhuma (dose zero)
S0354,286.21525701692485,232.5070659946365,0.349419792920162,Controle,0.0,Nenhuma (dose zero)
S0355,232.99257649061366,200.22562262263915,0.0560126719583645,Controle,0.0,Nenhuma (dose zero)
S0356,261.3158877565614,265.9430456730341,0.15520673148224703,Controle,0.0,Nenhuma (dose zero)
S0357,381.961695003294,93.61947230767076,0.17079984185807479,Controle,0.0,Nenhuma (dose zero)
S0358,399.6223582560333,494.3019492597883,0.9172252968888286,Seca,40.0,Kribbella + Occallatibacter + Genus_004
S0359,246.07660778771455,409.15393435193147,0.9544751584084756,Seca,40.0,Kribbella + Occallatibacter + Genus_004
S0360,299.7967207613061,370.80731636575763,0.07734416269475798,Controle,0.0,Nenhuma (dose zero)
S0361,465.6181178450509,234.37964850697622,0.818072289650203,Seca,40.0,Kribbella + Occallatibacter + Genus_004
S0362,59.866794250561405,76.43856106316798,0.1505901709666841,Controle,0.0,Nenhuma (dose zero)
S0363,58.551782950055255,460.33292913678395,0.07197208969379001,Controle,0.0,Nenhuma (dose zero)
S0364,43.854505955384205,170.69353369086383,0.17419885169287394,Controle,0.0,Nenhuma (dose zero)
S0365,328.9316425202639,25.053344848466885,0.10275686946683331,Controle,0.0,Nenhuma (dose zero)
S0366,209.30415039518974,171.20183840531433,0.1210285514129104,Controle,0.0,Nenhuma (dose zero)
S0367,387.1607080709216,397.2285152479422,0.8812588450298264,Seca,40.0,Kribbella + Occallatibacter + Genus_004
S0368,335.6157066542963,311.3543724941041,0.7699707955567229,Seca,40.0,Kribbella + Occallatibacter + Genus_004
S0369,166.8188791641191,375.4192923724298,0.07101867861855263,Controle,0.0,Nenhuma (dose zero)
S0370,449.18327368076785,396.81769193118873,0.7957962158758893,Seca,40.0,Kribbella + Occallatibacter + Genus_004
S0371,381.26607353532614,105.97730554027129,0.837206668898635,Seca,40.0,Kribbella + Occallatibacter + Genus_004
S0372,135.26747045508785,461.8916580465901,0.1560064454377722,Controle,0.0,Nenhuma (dose zero)
S0373,182.096008886027,218.9948014601863,0.9141672722446892,Seca,40.0,Kribbella + Occallatibacter + Genus_004
S0374,157.21999010213145,319.50682463208227,0.08223889947029134,Controle,0.0,Nenhuma (dose zero)
S0375,78.80582431249982,1.1543862933710014,0.0599154574206649,Controle,0.0,Nenhuma (dose zero)
S0376,73.89168627109582,496.684249205589,0.11674881182724961,Controle,0.0,Nenhuma (dose zero)
S0377,468.063731687872,140.44819298207756,0.05678976310330382,Controle,0.0,Nenhuma (dose zero)
S0378,218.95201859937663,31.031553270077616,0.8127631869635841,Seca,40.0,Kribbella + Occallatibacter + Genus_004
S0379,191.65991138870493,229.13102076825697,0.19684251070213424,Controle,0.0,Nenhuma (dose zero)
S0380,364.84285433868894,64.51502859102088,0.15402267340000955,Controle,0.0,Nenhuma (dose zero)
S0381,276.49653262644995,76.16335507878786,0.08891378173610315,Controle,0.0,Nenhuma (dose zero)
S0382,468.06999341923114,316.1414065151051,0.25259570026280564,Controle,0.0,Nenhuma (dose zero)
S0383,390.1507469546961,196.46369578511664,0.5317627315816702,Seca,18.17627315816702,Kribbella + Occallatibacter + Genus_004
S0384,239.6847820622702,460.9262250774975,0.18883269581200804,Controle,0.0,Nenhuma (dose zero)
S0385,188.17973674041312,159.57824730403502,0.10671422043447587,Controle,0.0,Nenhuma (dose zero)
S0386,493.315772462161,363.09006419195055,0.589697078211898,Seca,23.9697078211898,Kribbella + Occallatibacter + Genus_004
S0387,358.88011800182176,230.5497150774538,0.9059844510348684,Seca,40.0,Kribbella + Occallatibacter + Genus_004
S0388,475.59733000192057,329.9756505646394,0.29598993643212146,Controle,0.0,Nenhuma (dose zero)
S0389,59.23928860852068,299.8476783579952,0.8565747566650345,Seca,40.0,Kribbella + Occallatibacter + Genus_004
S0390,425.2668395953913,236.3919863794991,0.31441860318940956,Controle,0.0,Nenhuma (dose zero)
S0391,318.5369419956038,475.0305473122186,0.9347839335896576,Seca,40.0,Kribbella + Occallatibacter + Genus_004
S0392,60.960839167556294,171.35682137747793,0.8967908752923414,Seca,40.0,Kribbella + Occallatibacter + Genus_004
S0393,294.12899998461035,88.61775062463629,0.9336882910152995,Seca,40.0,Kribbella + Occallatibacter + Genus_004
S0394,343.0481825527244,339.0470304399141,0.0803375383512635,Controle,0.0,Nenhuma (dose zero)
S0395,6.151342944301419,423.0037806539544,0.0635488219569359,Controle,0.0,Nenhuma (dose zero)
S0396,227.1589809208733,20.12686996996188,0.9420350045310755,Seca,40.0,Kribbella + Occallatibacter + Genus_004
S0397,412.69975559816055,224.8163442113403,0.9351936533557201,Seca,40.0,Kribbella + Occallatibacter + Genus_004
S0398,147.67951267204492,446.2438448436631,0.5923762904512768,Seca,24.237629045127683,Kribbella + Occallatibacter + Genus_004
S0399,229.27404089927555,374.80930946143377,0.07278870642030393,Controle,0.0,Nenhuma (dose zero)
S0400,221.1570635339466,495.9038582488141,0.6616078487064427,Seca,31.160784870644274,Kribbella + Occallatibacter + Genus_004
S0401,150.96369572124578,265.7069057986219,0.23473979038882894,Controle,0.0,Nenhuma (dose zero)
S0402,459.2209477577771,329.99785940057563,0.8758606254957833,Seca,40.0,Kribbella + Occallatibacter + Genus_004
S0403,390.64701771575795,151.24014056896408,0.36928505252511157,Seca,1.928505252511159,Kribbella + Occallatibacter + Genus_004
S0404,55.29420549805525,473.76779983299616,0.19319265245885084,Controle,0.0,Nenhuma (dose zero)
S0405,498.5173289187865,183.16774427826815,0.8846778136673827,Seca,40.0,Kribbella + Occallatibacter + Genus_004
S0406,439.6000121538726,369.2553563433143,0.647349793320742,Seca,29.734979332074207,Kribbella + Occallatibacter + Genus_004
S0407,141.95421893201947,201.57010205954094,0.7590246073326209,Seca,40.0,Kribbella + Occallatibacter + Genus_004
S0408,418.4482898304691,280.9094650314997,0.2263459167812595,Controle,0.0,Nenhuma (dose zero)
S0409,53.209765935691436,359.8912675107731,0.18782088109439418,Controle,0.0,Nenhuma (dose zero)
S0410,499.5523652371193,254.46707587567712,0.8273395009837938,Seca,40.0,Kribbella + Occallatibacter + Genus_004
S0411,332.84236805326844,453.5431634547543,0.8314745755024276,Seca,40.0,Kribbella + Occallatibacter + Genus_004
S0412,325.0625077793985,209.65049396390512,0.9033874425925684,Seca,40.0,Kribbella + Occallatibacter + Genus_004
S0413,45.220363492066376,323.5358990716626,0.3029854506556825,Controle,0.0,Nenhuma (dose zero)
S0414,448.51669944831264,171.18121665002707,0.903780836792619,Seca,40.0,Kribbella + Occallatibacter + Genus_004
S0415,14.499751602234712,204.07833411550652,0.0893410448270899,Controle,0.0,Nenhuma (dose zero)
S0416,120.41402902057352,220.0250541167762,0.9151357572070534,Seca,40.0,Kribbella + Occallatibacter + Genus_004
S0417,71.5109375833175,62.903509156142626,0.45703001659668174,Seca,10.703001659668177,Kribbella + Occallatibacter + Genus_004
S0418,388.38397034610927,45.86183952950334,0.901215311741715,Seca,40.0,Kribbella + Occallatibacter + Genus_004
S0419,99.10211360644894,333.744961573379,0.1764105565358943,Controle,0.0,Nenhuma (dose zero)
S0420,455.31911356544265,327.75886917152616,0.8377636939660491,Seca,40.0,Kribbella + Occallatibacter + Genus_004
S0421,328.1345196637451,331.4548571050476,0.19058987458881443,Controle,0.0,Nenhuma (dose zero)
S0422,18.081355247348107,9.883222671345838,0.07584030112130068,Controle,0.0,Nenhuma (dose zero)
S0423,2.7149170643502307,163.27342133588996,0.2571839008604314,Controle,0.0,Nenhuma (dose zero)
S0424,25.828958507199463,98.90492362959846,0.27006838777316444,Controle,0.0,Nenhuma (dose zero)
S0425,302.9625888238638,389.0757112720062,0.8906316192713656,Seca,40.0,Kribbella + Occallatibacter + Genus_004
S0426,400.74090542970765,430.31520069806504,0.8365430685660347,Seca,40.0,Kribbella + Occallatibacter + Genus_004
S0427,119.27641031369424,123.34018861307366,0.09122109733607678,Controle,0.0,Nenhuma (dose zero)
S0428,424.70442146153647,333.9245794239932,0.8078857521624525,Seca,40.0,Kribbella + Occallatibacter + Genus_004
S0429,28.61597007663019,64.68140172913722,0.19631806647562963,Controle,0.0,Nenhuma (dose zero)
S0430,400.4819268208381,137.57626280085665,0.901025730058279,Seca,40.0,Kribbella + Occallatibacter + Genus_004
S0431,463.8977150861402,69.32724811670977,0.08022790999871653,Controle,0.0,Nenhuma (dose zero)
S0432,386.05419955219025,141.7603832996146,0.8877651897347731,Seca,40.0,Kribbella + Occallatibacter + Genus_004
S0433,349.0603919893186,337.36827367463894,0.17538188005090735,Controle,0.0,Nenhuma (dose zero)
S0434,418.9901093276915,455.16345509262624,0.9169299898214951,Seca,40.0,Kribbella + Occallatibacter + Genus_004
S0435,20.07564977353321,101.26120396209298,0.11606199513575233,Controle,0.0,Nenhuma (dose zero)
S0436,100.8910553595277,271.0395174753596,0.1877470277151702,Controle,0.0,Nenhuma (dose zero)
S0437,62.46183965282154,350.69555062171617,0.2612000167415923,Controle,0.0,Nenhuma (dose zero)
S0438,252.26549509649325,476.46123424278284,0.8995347014013617,Seca,40.0,Kribbella + Occallatibacter + Genus_004
S0439,372.59406416442226,305.03024144358693,0.5115524539838415,Seca,16.155245398384153,Kribbella + Occallatibacter + Genus_004
S0440,315.0059222881994,127.55346551369034,0.1259009598558365,Controle,0.0,Nenhuma (dose zero)
S0441,425.5655498809675,312.7390784569681,0.7663146250147541,Seca,40.0,Kribbella + Occallatibacter + Genus_004
S0442,77.60649622054544,160.24558083900808,0.8986758232256513,Seca,40.0,Kribbella + Occallatibacter + Genus_004
S0443,367.31054596758077,488.0641953458539,0.5800308788713554,Seca,23.003087887135543,Kribbella + Occallatibacter + Genus_004
S0444,96.52074543445205,199.83806758181842,0.17550733281517392,Controle,0.0,Nenhuma (dose zero)
S0445,135.37937565890013,342.7138603805071,0.12387061376700723,Controle,0.0,Nenhuma (dose zero)
S0446,354.95234864065196,11.61379117337924,0.2381867853342271,Controle,0.0,Nenhuma (dose zero)
S0447,490.10239244934087,200.0307230673777,0.5476567246445018,Seca,19.76567246445018,Kribbella + Occallatibacter + Genus_004
S0448,305.7718029885348,437.5538066612558,0.0861793910602334,Controle,0.0,Nenhuma (dose zero)
S0449,27.250157495647798,305.11372221662293,0.7221083100992093,Seca,37.21083100992093,Kribbella + Occallatibacter + Genus_004
S0450,308.1544849637664,221.97144319798818,0.9045295153772283,Seca,40.0,Kribbella + Occallatibacter + Genus_004
S0451,21.175275790083546,467.968749717863,0.822536675073204,Seca,40.0,Kribbella + Occallatibacter + Genus_004
S0452,442.0728556834086,426.99218807361456,0.9375700176917838,Seca,40.0,Kribbella + Occallatibacter + Genus_004
S0453,354.7891425503104,161.10783691146912,0.9151193281676696,Seca,40.0,Kribbella + Occallatibacter + Genus_004
S0454,86.56392321125162,272.2742010206698,0.7762883460522667,Seca,40.0,Kribbella + Occallatibacter + Genus_004
S0455,45.86050291209903,244.91212804623135,0.7076189025888837,Seca,35.76189025888837,Kribbella + Occallatibacter + Genus_004
S0456,91.76661444015949,316.1012500574312,0.15948063877414975,Controle,0.0,Nenhuma (dose zero)
S0457,490.01358977709623,167.0556334793778,0.7873054321257249,Seca,40.0,Kribbella + Occallatibacter + Genus_004
S0458,229.28032122924492,122.10250038294413,0.06933755544947492,Controle,0.0,Nenhuma (dose zero)
S0459,392.040474170704,456.335917627768,0.7908170421927881,Seca,40.0,Kribbella + Occallatibacter + Genus_004
S0460,318.20417105388844,461.93724974925317,0.2589875579859713,Controle,0.0,Nenhuma (dose zero)
S0461,286.20657497931865,421.6614428809895,0.8022084096486757,Seca,40.0,Kribbella + Occallatibacter + Genus_004
S0462,72.56512733252485,489.10221538228063,0.03917157421239864,Controle,0.0,Nenhuma (dose zero)
S0463,473.0122267790475,372.4957628898443,0.6119820172826165,Seca,26.198201728261648,Kribbella + Occallatibacter + Genus_004
S0464,150.67131625735897,382.3336142809998,0.8524924830608442,Seca,40.0,Kribbella + Occallatibacter + Genus_004
S0465,289.00860790377106,381.29504598132036,0.8651244809189265,Seca,40.0,Kribbella + Occallatibacter + Genus_004
S0466,349.88797229453303,240.30381547115326,0.20366709181733555,Controle,0.0,Nenhuma (dose zero)
S0467,324.61657762265446,228.22609725713582,0.8889491928105181,Seca,40.0,Kribbella + Occallatibacter + Genus_004
S0468,470.29720484775925,120.11313807450158,0.9231778252502305,Seca,40.0,Kribbella + Occallatibacter + Genus_004
S0469,74.219494960029,322.40959717964523,0.09780720167222556,Controle,0.0,Nenhuma (dose zero)
S0470,254.17636922347103,144.66006805116726,0.12547076306715765,Controle,0.0,Nenhuma (dose zero)
S0471,202.01719537038298,128.9042048511772,0.08932779944326846,Controle,0.0,Nenhuma (dose zero)
S0472,237.08436474130906,292.9806870480274,0.16451514690707547,Controle,0.0,Nenhuma (dose zero)
S0473,59.60876309887231,204.99119411252158,0.12832534199074946,Controle,0.0,Nenhuma (dose zero)
S0474,67.04730493638267,109.4283043973161,0.9073499693391439,Seca,40.0,Kribbella + Occallatibacter + Genus_004
S0475,139.03777289062867,408.0280083764156,0.09062042766517386,Controle,0.0,Nenhuma (dose zero)
S0476,152.35230188041567,430.284959647188,0.6662779726985018,Seca,31.627797269850177,Kribbella + Occallatibacter + Genus_004
S0477,213.951606840675,83.84975983889048,0.15290173736826346,Controle,0.0,Nenhuma (dose zero)
S0478,305.49377351831413,3.7535163999999344,0.8822732944692482,Seca,40.0,Kribbella + Occallatibacter + Genus_004
S0479,317.3145587091315,168.06498426468687,0.8819966133736608,Seca,40.0,Kribbella + Occallatibacter + Genus_004
S0480,205.9054482927851,398.75541784037625,0.6740119835214258,Seca,32.40119835214258,Kribbella + Occallatibacter + Genus_004
S0481,204.39155471434856,419.58693311716223,0.18146438964465278,Controle,0.0,Nenhuma (dose zero)
S0482,108.81426334848099,69.16453505802461,0.7918962187493883,Seca,40.0,Kribbella + Occallatibacter + Genus_004
S0483,294.15312420450414,387.1679505915256,0.11621486184030878,Controle,0.0,Nenhuma (dose zero)
S0484,158.52045565861894,57.852083654714725,0.4009812996447257,Seca,5.0981299644725695,Kribbella + Occallatibacter + Genus_004
S0485,18.02991713868185,195.0312950782646,0.07640990569813633,Controle,0.0,Nenhuma (dose zero)
S0486,209.20002207843018,499.3047575059579,0.929487038766907,Seca,40.0,Kribbella + Occallatibacter + Genus_004
S0487,237.06633754508516,96.29541161545491,0.1290251427487192,Controle,0.0,Nenhuma (dose zero)
S0488,112.7964341021055,76.98179128881321,0.8801539918822127,Seca,40.0,Kribbella + Occallatibacter + Genus_004
S0489,286.22896656105786,211.40016627339676,0.1441875414015622,Controle,0.0,Nenhuma (dose zero)
S0490,282.88595021596046,309.8342629849307,0.7683710956488363,Seca,40.0,Kribbella + Occallatibacter + Genus_004
S0491,351.00109055518567,466.45039120662665,0.3746482223300628,Seca,2.464822233006281,Kribbella + Occallatibacter + Genus_004
S0492,323.974241100605,490.41057276651713,0.6113723180868414,Seca,26.13723180868415,Kribbella + Occallatibacter + Genus_004
S0493,326.21652826051576,34.82031829569732,0.8741100285626591,Seca,40.0,Kribbella + Occallatibacter + Genus_004
S0494,158.10707591202154,68.99875867395266,0.266546484202421,Controle,0.0,Nenhuma (dose zero)
S0495,393.71611099297695,395.3689869479969,0.42620454311687267,Seca,7.620454311687269,Kribbella + Occallatibacter + Genus_004
S0496,274.57219179983974,135.31607613543022,0.9266818232384544,Seca,40.0,Kribbella + Occallatibacter + Genus_004
S0497,215.70909758994506,442.4245297531803,0.15042265568396063,Controle,0.0,Nenhuma (dose zero)
S0498,313.00624047052855,331.72662861454336,0.858063685325655,Seca,40.0,Kribbella + Occallatibacter + Genus_004
S0499,180.32866722512713,55.92240119033859,0.9126552953436473,Seca,40.0,Kribbella + Occallatibacter + Genus_004
S0500,256.3696223033791,416.26464246200356,0.899398878918779,Seca,40.0,Kribbella + Occallatibacter + Genus_004
S0501,368.3528442411101,88.17819000403793,0.10697750799360789,Controle,0.0,Nenhuma (dose zero)
S0502,443.2014433618539,211.7476973398269,0.41908878112547915,Seca,6.908878112547917,Kribbella + Occallatibacter + Genus_004
S0503,460.5285986475958,276.092464279665,0.7550537563957337,Seca,40.0,Kribbella + Occallatibacter + Genus_004
S0504,251.8164625915496,250.38307454013915,0.11781716364763854,Controle,0.0,Nenhuma (dose zero)
S0505,260.1375573702845,343.0814578075752,0.24323404015989758,Controle,0.0,Nenhuma (dose zero)
S0506,399.93520538191825,326.3433674346276,0.8894048660357224,Seca,40.0,Kribbella + Occallatibacter + Genus_004
S0507,157.22534587210063,496.02100276402746,0.0921898844678508,Controle,0.0,Nenhuma (dose zero)
S0508,418.6911811725343,499.71095461209393,0.8787837209879358,Seca,40.0,Kribbella + Occallatibacter + Genus_004
S0509,247.07082325871173,258.22970131782046,0.9100572466284633,Seca,40.0,Kribbella + Occallatibacter + Genus_004
S0510,57.9283621676342,47.599543480432,0.1414280899772367,Controle,0.0,Nenhuma (dose zero)
S0511,36.02957353647185,363.9216494843592,0.8867894587344332,Seca,40.0,Kribbella + Occallatibacter + Genus_004
S0512,420.99660551973153,488.33203910829457,0.07465781173629679,Controle,0.0,Nenhuma (dose zero)
S0513,27.78395845343895,159.16319381451015,0.06410341523484864,Controle,0.0,Nenhuma (dose zero)
S0514,140.30571806682795,230.6044429187869,0.9237823713573365,Seca,40.0,Kribbella + Occallatibacter + Genus_004
S0515,167.0650202507729,212.38846240772796,0.873170997964215,Seca,40.0,Kribbella + Occallatibacter + Genus_004
S0516,86.4972225957969,25.70957727846468,0.08189849410386284,Controle,0.0,Nenhuma (dose zero)
S0517,156.94668490099463,336.1322156117224,0.12916772586157438,Controle,0.0,Nenhuma (dose zero)
S0518,371.3462833625428,176.6688475342339,0.15587108205891462,Controle,0.0,Nenhuma (dose zero)
S0519,7.341421780035384,393.7319373157511,0.24840440460451266,Controle,0.0,Nenhuma (dose zero)
S0520,413.58671226034323,416.060037640993,0.8619405298399079,Seca,40.0,Kribbella + Occallatibacter + Genus_004
S0521,428.2740117872791,410.6153932989227,0.9535670880004388,Seca,40.0,Kribbella + Occallatibacter + Genus_004
S0522,186.13078659577408,208.33299901994008,0.0736941569232583,Controle,0.0,Nenhuma (dose zero)
S0523,76.8064495303174,160.77284112044975,0.3240423274339379,Controle,0.0,Nenhuma (dose zero)
S0524,300.42020397254043,374.4103898335274,0.0920273953922714,Controle,0.0,Nenhuma (dose zero)
S0525,59.83627793244717,400.6947169213615,0.16752136261727224,Controle,0.0,Nenhuma (dose zero)
S0526,182.45968053912625,245.62872319568308,0.8128698983157908,Seca,40.0,Kribbella + Occallatibacter + Genus_004
S0527,479.2145904504862,446.5155097681515,0.9099952871824822,Seca,40.0,Kribbella + Occallatibacter + Genus_004
S0528,497.73223629181854,71.95434803927914,0.735858835128187,Seca,38.5858835128187,Kribbella + Occallatibacter + Genus_004
S0529,386.0524456772928,439.53438982948006,0.860114417244193,Seca,40.0,Kribbella + Occallatibacter + Genus_004
S0530,155.4807549603831,48.04761648594064,0.18177657252969548,Controle,0.0,Nenhuma (dose zero)
S0531,343.8325245830463,76.76276102730695,0.07769006849206271,Controle,0.0,Nenhuma (dose zero)
S0532,352.70318274200633,266.9200066369802,0.9406789176997681,Seca,40.0,Kribbella + Occallatibacter + Genus_004
S0533,193.9208475818249,33.75924009370751,0.21112768221285808,Controle,0.0,Nenhuma (dose zero)
S0534,320.4443172930797,26.403550700055177,0.15759510161168822,Controle,0.0,Nenhuma (dose zero)
S0535,5.363822487838121,0.25937208285276014,0.2083597439041015,Controle,0.0,Nenhuma (dose zero)
S0536,104.52882930112072,218.15832984713157,0.07783563044672862,Controle,0.0,Nenhuma (dose zero)
S0537,262.54415148363057,387.3119406461149,0.17769298455550014,Controle,0.0,Nenhuma (dose zero)
S0538,81.87565212914794,17.419175139957833,0.08880232596117953,Controle,0.0,Nenhuma (dose zero)
S0539,82.95343393826681,326.1288032329277,0.11439430791988459,Controle,0.0,Nenhuma (dose zero)
S0540,418.152145275119,411.56365870809327,0.8008678480057795,Seca,40.0,Kribbella + Occallatibacter + Genus_004
S0541,494.56650134180273,84.00042428893556,0.8188398397366528,Seca,40.0,Kribbella + Occallatibacter + Genus_004
S0542,277.9847140142242,73.43186741070213,0.2299303522311936,Controle,0.0,Nenhuma (dose zero)
S0543,419.5348654408567,430.40048681026803,0.9500092494742453,Seca,40.0,Kribbella + Occallatibacter + Genus_004
S0544,495.16083216313626,411.56230497504737,0.8922344851117323,Seca,40.0,Kribbella + Occallatibacter + Genus_004
S0545,70.79794428438734,269.47088313209343,0.8115810230982322,Seca,40.0,Kribbella + Occallatibacter + Genus_004
S0546,224.12280662717555,409.59993964699015,0.7955781311448195,Seca,40.0,Kribbella + Occallatibacter + Genus_004
S0547,196.28635792095994,46.37803871224738,0.9133473764253732,Seca,40.0,Kribbella + Occallatibacter + Genus_004
S0548,40.02464182309251,197.2407589693772,0.5039752936524159,Seca,15.397529365241592,Kribbella + Occallatibacter + Genus_004
S0549,377.66508639737225,368.89877805318645,0.1457416064238271,Controle,0.0,Nenhuma (dose zero)
S0550,216.8895136612965,128.72597966198168,0.11221470311450808,Controle,0.0,Nenhuma (dose zero)
S0551,234.66346709520064,376.1644572167764,0.11893963697533394,Controle,0.0,Nenhuma (dose zero)
S0552,75.3364869066201,252.08930219540693,0.062160617299530437,Controle,0.0,Nenhuma (dose zero)
S0553,90.46332611543406,375.1329939741165,0.38161207107911066,Seca,3.161207107911068,Kribbella + Occallatibacter + Genus_004
S0554,453.5518110781075,232.33981892866478,0.13518765486978027,Controle,0.0,Nenhuma (dose zero)
S0555,22.32454448713944,183.9521701109088,0.06298846025952652,Controle,0.0,Nenhuma (dose zero)
S0556,116.42614247185313,109.59460823931616,0.04006915064195735,Controle,0.0,Nenhuma (dose zero)
S0557,146.0296651572642,104.18967071750751,0.12033838677642139,Controle,0.0,Nenhuma (dose zero)
S0558,245.0987712007932,375.745405285698,0.8051054781230806,Seca,40.0,Kribbella + Occallatibacter + Genus_004
S0559,293.222586507398,59.45517401698025,0.17099728646759293,Controle,0.0,Nenhuma (dose zero)
S0560,246.64498792533328,42.99117505547257,0.9406943700519463,Seca,40.0,Kribbella + Occallatibacter + Genus_004
S0561,42.057667278441016,88.14568251106508,0.16360837805681844,Controle,0.0,Nenhuma (dose zero)
S0562,121.83372702785678,87.67325572696095,0.11627986676748821,Controle,0.0,Nenhuma (dose zero)
S0563,421.7941923812706,411.55381140344986,0.13935492000893787,Controle,0.0,Nenhuma (dose zero)
S0564,318.7943502392295,199.2533117371062,0.9579499668486967,Seca,40.0,Kribbella + Occallatibacter + Genus_004
S0565,324.5745250671372,495.1942286802412,0.6209138299946507,Seca,27.091382999465075,Kribbella + Occallatibacter + Genus_004
S0566,335.1016276756775,68.6056288953062,0.6897098138567738,Seca,33.970981385677376,Kribbella + Occallatibacter + Genus_004
S0567,381.45150951976456,326.7699128468217,0.10239831210532828,Controle,0.0,Nenhuma (dose zero)
S0568,29.054240860723667,224.3647536006253,0.17357634912829345,Controle,0.0,Nenhuma (dose zero)
S0569,183.3041924663062,196.459088348537,0.1721999687194564,Controle,0.0,Nenhuma (dose zero)
S0570,269.7637176308393,437.54209952704116,0.6961799123173728,Seca,34.61799123173728,Kribbella + Occallatibacter + Genus_004
S0571,169.22824164866302,487.7978229141998,0.6893891314090667,Seca,33.93891314090667,Kribbella + Occallatibacter + Genus_004
S0572,422.23943664359325,436.4294793870894,0.790387237026898,Seca,40.0,Kribbella + Occallatibacter + Genus_004
S0573,241.28625429364698,96.15033951756652,0.11431510774012145,Controle,0.0,Nenhuma (dose zero)
S0574,384.31379472968956,110.39896060446702,0.14162006601381588,Controle,0.0,Nenhuma (dose zero)
S0575,426.00775844058455,328.03693954753163,0.9296605859671709,Seca,40.0,Kribbella + Occallatibacter + Genus_004
S0576,252.39574145174905,144.54179081909584,0.8790807146464303,Seca,40.0,Kribbella + Occallatibacter + Genus_004
S0577,454.77612193567495,367.36256539028994,0.821280810587184,Seca,40.0,Kribbella + Occallatibacter + Genus_004
S0578,293.5619702684903,283.2103254048223,0.43975232122088387,Seca,8.97523212208839,Kribbella + Occallatibacter + Genus_004
S0579,425.1371494168609,275.4543842452015,0.7158059324033647,Seca,36.58059324033647,Kribbella + Occallatibacter + Genus_004
S0580,170.29539779576214,414.2734624193929,0.8701158056238911,Seca,40.0,Kribbella + Occallatibacter + Genus_004
S0581,249.4084792657426,355.2663858713389,0.07058510995734396,Controle,0.0,Nenhuma (dose zero)
S0582,265.70552050228883,13.28888249864585,0.3024564875441394,Controle,0.0,Nenhuma (dose zero)
S0583,52.489857948035294,24.729568573007843,0.23748215437213374,Controle,0.0,Nenhuma (dose zero)
S0584,199.2762533507703,300.7792262280079,0.14893614773984948,Controle,0.0,Nenhuma (dose zero)
S0585,458.66883627583803,243.09603781113776,0.2693791575441025,Controle,0.0,Nenhuma (dose zero)
S0586,315.4161201823712,130.0923276714957,0.07994871002763419,Controle,0.0,Nenhuma (dose zero)
S0587,88.75329121848374,209.32804365740083,0.1977088778312934,Controle,0.0,Nenhuma (dose zero)
S0588,169.4278178048025,378.9551593664303,0.05485350554485838,Controle,0.0,Nenhuma (dose zero)
S0589,95.80150483134992,413.305742328965,0.09696246492886468,Controle,0.0,Nenhuma (dose zero)
S0590,12.41156589928627,280.6115339450221,0.22795646269049552,Controle,0.0,Nenhuma (dose zero)
S0591,463.7302292520134,192.6847404285515,0.8991351190637706,Seca,40.0,Kribbella + Occallatibacter + Genus_004
S0592,224.10366412843575,135.3483807475535,0.4340649128422167,Seca,8.406491284221673,Kribbella + Occallatibacter + Genus_004
S0593,153.76753621039308,260.9592353846267,0.26388881709176587,Controle,0.0,Nenhuma (dose zero)
S0594,299.2385957788683,157.37480928219048,0.060292411166193674,Controle,0.0,Nenhuma (dose zero)
S0595,3.6572281465078182,282.04756852361146,0.0435887767703482,Controle,0.0,Nenhuma (dose zero)
S0596,139.01105330040693,338.3261912548188,0.1459637559157498,Controle,0.0,Nenhuma (dose zero)
S0597,351.51673284944627,33.03960545969742,0.8643734853095272,Seca,40.0,Kribbella + Occallatibacter + Genus_004
S0598,316.8848865346315,0.5337325113736191,0.09525093108546867,Controle,0.0,Nenhuma (dose zero)
S0599,490.90297377126774,106.13856942037148,0.6213275253908583,Seca,27.132752539085836,Kribbella + Occallatibacter + Genus_004
S0600,310.17885482902204,447.2557488593905,0.770333552369435,Seca,40.0,Kribbella + Occallatibacter + Genus_004
S0601,238.7529368138664,323.1453816142796,0.10038018246085655,Controle,0.0,Nenhuma (dose zero)
S0602,380.71628159200384,85.98017596851143,0.08890343369903714,Controle,0.0,Nenhuma (dose zero)
S0603,451.66393598202654,445.13198091180936,0.9121528825763642,Seca,40.0,Kribbella + Occallatibacter + Genus_004
S0604,360.3479733591758,234.97797014367,0.8759367027329479,Seca,40.0,Kribbella + Occallatibacter + Genus_004
S0605,481.6056117746898,238.04587833933033,0.8231987642847216,Seca,40.0,Kribbella + Occallatibacter + Genus_004
S0606,391.0025853690886,467.77097192132754,0.7265948512853039,Seca,37.65948512853039,Kribbella + Occallatibacter + Genus_004
S0607,433.40071913096324,29.74334609167001,0.8762990670734473,Seca,40.0,Kribbella + Occallatibacter + Genus_004
S0608,57.052035591818594,107.58913731435926,0.4413709847143321,Seca,9.137098471433214,Kribbella + Occallatibacter + Genus_004
S0609,366.20675149689384,292.8856625773612,0.9095641720257805,Seca,40.0,Kribbella + Occallatibacter + Genus_004
S0610,220.04434976368432,97.74325479100204,0.8572120442594927,Seca,40.0,Kribbella + Occallatibacter + Genus_004
S0611,276.5519012056376,339.7635046044789,0.07699940590266532,Controle,0.0,Nenhuma (dose zero)
S0612,327.05120474117837,107.0461446683601,0.8309703277237084,Seca,40.0,Kribbella + Occallatibacter + Genus_004
S0613,484.9075583527847,49.57848529940717,0.8911166686704035,Seca,40.0,Kribbella + Occallatibacter + Genus_004
S0614,492.2890407158123,103.49257982041988,0.9242546297632256,Seca,40.0,Kribbella + Occallatibacter + Genus_004
S0615,144.11412274395263,211.3670171360311,0.1764990578242736,Controle,0.0,Nenhuma (dose zero)
S0616,366.8767487189581,88.06914958653994,0.8591633638411029,Seca,40.0,Kribbella + Occallatibacter + Genus_004
S0617,374.9917689676343,67.34601246167365,0.7543685252278742,Seca,40.0,Kribbella + Occallatibacter + Genus_004
S0618,173.2464306565244,430.1409431094704,0.549115278917504,Seca,19.911527891750403,Kribbella + Occallatibacter + Genus_004
S0619,61.93488743211051,160.19860179865393,0.7388603384113449,Seca,38.88603384113449,Kribbella + Occallatibacter + Genus_004
S0620,20.473480142859877,180.3793432591268,0.07747337816796461,Controle,0.0,Nenhuma (dose zero)
S0621,388.6715637645893,27.635204750613816,0.8638226417870637,Seca,40.0,Kribbella + Occallatibacter + Genus_004
S0622,244.84987090845294,178.68481175102707,0.19726110779017247,Controle,0.0,Nenhuma (dose zero)
S0623,492.7700847474631,132.40358866078984,0.3664753588287124,Seca,1.6475358828712428,Kribbella + Occallatibacter + Genus_004
